{"train_curve": [0.975635593220339, 0.9766949152542372, 0.996292372881356, 0.9973516949152542, 0.9947033898305084, 0.982521186440678, 0.989406779661017, 0.9973516949152542, 0.9978813559322034, 1.0, 1.0, 1.0, 1.0, 1.0, 1.0, 1.0, 1.0, 1.0, 1.0, 1.0, 1.0, 1.0, 1.0, 1.0, 1.0, 1.0, 1.0, 1.0, 1.0, 1.0, 1.0, 1.0, 1.0, 1.0, 1.0, 1.0, 1.0, 1.0, 1.0, 1.0, 1.0, 1.0, 1.0, 1.0, 1.0, 1.0, 1.0, 1.0, 1.0, 1.0], "valid_curve": [0.9533333333333334, 0.9733333333333334, 0.9866666666666667, 0.9866666666666667, 0.9666666666666667, 0.96, 0.98, 0.9866666666666667, 0.9866666666666667, 0.9866666666666667, 0.9933333333333333, 0.9933333333333333, 0.9933333333333333, 0.9933333333333333, 0.9933333333333333, 0.9933333333333333, 0.9933333333333333, 0.9933333333333333, 0.9933333333333333, 0.9933333333333333, 0.9933333333333333, 0.9933333333333333, 0.9933333333333333, 0.9933333333333333, 0.9933333333333333, 0.9933333333333333, 0.9933333333333333, 0.9933333333333333, 0.9933333333333333, 0.9933333333333333, 0.9933333333333333, 0.9933333333333333, 0.9933333333333333, 0.9933333333333333, 0.9933333333333333, 0.9933333333333333, 0.9933333333333333, 0.9933333333333333, 0.9933333333333333, 0.9933333333333333, 0.9933333333333333, 0.9933333333333333, 0.9933333333333333, 0.9933333333333333, 0.9933333333333333, 0.9933333333333333, 0.9933333333333333, 0.9933333333333333, 0.9933333333333333, 0.9933333333333333], "nsample": 50.0}