{"ksvm_kfun=rbf_lambda_=0.001_kparam=0.01_lr=0.001__color_histogram": {"train": 0.3442796610169492, "validation": 0.3333333333333333}}