{"ksvm_kfun=rbf_lambda_=0.001_kparam=0.01_lr=0.001__color_histogram": {"train": 0.3442796610169492, "validation": 0.3333333333333333}, "ksvm_kfun=rbf_lambda_=0.001_kparam=0.1_lr=0.02__color_histogram": {"train": 0.3315677966101695, "validation": 0.3333333333333333}, "ksvm_kfun=rbf_lambda_=0.3_kparam=0.001_lr=0.01__color_histogram": {"train": 0.3442796610169492, "validation": 0.3333333333333333}, "ksvm_kfun=rbf_lambda_=0.002_kparam=0.2_lr=0.03__edge_direction_histogram": {"train": 0.3241525423728814, "validation": 0.3333333333333333}, "ksvm_kfun=rbf_lambda_=0.001_kparam=0.2_lr=0.002__edge_direction_histogram": {"train": 0.3442796610169492, "validation": 0.3333333333333333}, "ksvm_kfun=rbf_lambda_=0.002_kparam=0.01_lr=0.002__edge_direction_histogram": {"train": 0.3442796610169492, "validation": 0.3333333333333333}, "ksvm_kfun=rbf_lambda_=0.001_kparam=0.2_lr=0.02__cooccurrence_matrix": {"train": 0.3241525423728814, "validation": 0.3333333333333333}, "ksvm_kfun=rbf_lambda_=0.1_kparam=0.003_lr=0.003__cooccurrence_matrix": {"train": 0.3442796610169492, "validation": 0.3333333333333333}, "ksvm_kfun=rbf_lambda_=0.002_kparam=0.002_lr=0.01__cooccurrence_matrix": {"train": 0.3315677966101695, "validation": 0.3333333333333333}, "ksvm_kfun=rbf_lambda_=0.002_kparam=0.03_lr=0.1__rgb_cooccurrence_matrix": {"train": 0.3241525423728814, "validation": 0.3333333333333333}, "ksvm_kfun=rbf_lambda_=0.002_kparam=0.02_lr=0.02__rgb_cooccurrence_matrix": {"train": 0.3315677966101695, "validation": 0.3333333333333333}, "ksvm_kfun=rbf_lambda_=0.003_kparam=0.1_lr=0.003__rgb_cooccurrence_matrix": {"train": 0.3442796610169492, "validation": 0.3333333333333333}, "ksvm_kfun=rbf_lambda_=0.02_kparam=0.003_lr=0.01__color_histogram": {"train": 0.3442796610169492, "validation": 0.3333333333333333}}